id,uniprot,gene,chrom,start,end
K00001,I1I2V7,100832659,,,
K00002,#N/A,100846809,,,
K00006,I1HVL9,100833474,,,
K00008,I1I971,100834423,,,
K00011,I1HWN3,100840746,,,
K00012,I1INE9,100840467,,,
K00013,I1GR09,100824469,,,
K00016,I1I144,100846734,,,
K00020,I1GW44,100838762,,,
K00021,I1IRB9,100828238,,,
K00025,I1J0C8,100822821,,,
K00026,I1GMT7,100841882,,,
K00028,#N/A,100844092,,,
K00029,I1HL52,100833074,,,
K00030,I1I9M7,100836887,,,
K00031,I1HDV5,100837775,,,
K00033,I1H2R0,100835446,,,
K00036,I1IB97,100835037,,,
K00051,I1I014,100837587,,,
K00052,I1J3L6,100835182,,,
K00053,I1HG69,100833488,,,
K00058,I1GMW1,100835574,,,
K00059,I1H3C0,100822781,,,
K00074,I1HSG4,100833050,,,
K00079,#N/A,100844524,,,
K00083,I1I3I7,100821726,,,
K00088,I1GMN6,100827925,,,
K00099,I1HB60,100836028,,,
K00102,I1H3J6,100834649,,,
K00106,I1GQN7,100827961,,,
K00108,I1J0S8,100839066,,,
K00111,I1IWE7,100837232,,,
K00121,I1H8S0,100821142,,,
K00122,I1GYL4,100830190,,,
K00128,I1IC27,100835945,,,
K00130,I1IYJ8,100826926,,,
K00131,I1I7E8,100834031,,,
K00133,I1GN20,100826805,,,
K00134,I1GVY7,100838646,,,
K00140,I1H2X7,100822363,,,
K00145,I1GQA1,100827960,,,
K00161,I1IVQ0,100843225,,,
K00162,I1I8Z9,100823497,,,
K00164,I1IX46,100838957,,,
K00166,I1ITU2,100845243,,,
K00167,I1H3B7,100822469,,,
K00207,I1IFH8,100844077,,,
K00208,I1GXN7,100824053,,,
K00213,I1I9K1,100831660,,,
K00215,I1HZZ4,100834116,,,
K00218,I1IEN1,100821409,,,
K00222,#N/A,100825049,,,
K00225,I1IUJ1,100840661,,,
K00227,#N/A,100823877,,,
K00228,I1J1N0,100832294,,,
K00231,#N/A,100826753,,,
K00232,I1H236,100824216,,,
K00234,I1H3W3,100823502,,,
K00235,I1I0K6,100841750,,,
K00236,I1GTW8,100845567,,,
K00249,I1GR74,100836704,,,
K00253,I1HML2,100833691,,,
K00254,I1J3B8,100837635,,,
K00261,I1GM99,100831066,,,
K00262,#N/A,100833076,,,
K00264,I1HQF1,100832857,,,
K00275,#N/A,100827801,,,
K17759,#N/A,100827801,,,
K00276,I1IYT8,100837848,,,
K00278,#N/A,100840441,,,
K00279,#N/A,100826954,,,
K00281,I1HQW3,100845191,,,
K00284,I1GRK9,100827937,,,
K00286,I1HV71,100832429,,,
K00294,I1HH58,100831540,,,
K00297,I1GLP9,100846793,,,
K00306,I1IRG0,100834553,,,
K00318,I1I600,100838313,,,
K00326,I1HI94,100841834,,,
K00365,I1HTQ0,100845980,,,
K00366,I1IEV4,100834109,,,
K00382,I1HF32,100823154,,,
K00383,I1H9E5,100834653,,,
K00384,I1GYQ0,100835702,,,
K00387,I1I8W3,100842572,,,
K00392,I1HHW2,100821707,,,
K00411,I1IX66,100843417,,,
K00413,I1I9E4,100822260,,,
K00416,I1IU50,100836205,,,
K00417,I1H2R2,100836279,,,
K00419,I1HJM2,100822849,,,
K00422,I1HSE7,100825713,,,
K00423,I1GXW0,100828749,,,
K00430,I1H7Q3,100829768,,,
K00432,I1J0G2,100840484,,,
K00434,I1IWB9,100825789,,,
K00451,I1H233,100823907,,,
K00454,I1H920,100829163,,,
K00457,I1HXM3,100841334,,,
K00469,I1GXZ6,100842424,,,
K00472,I1HI92,100830921,,,
K00475,I1J2Z5,100823527,,,
K00477,I1GP44,100833021,,,
K00487,I1HSV5,100839986,,,
K00499,I1GWL5,100839185,,,
K00511,I1H7T6,100839945,,,
K00514,I1H2R4,100836583,,,
K00547,I1H7Z4,100841399,,,
K00549,I1IG93,100837608,,,
K00550,I1IBI0,100822772,,,
K00558,#N/A,100829061,,,
K00559,I1H2Q5,100834229,,,
K00565,I1I127,100845209,,,
K00587,I1J1G8,100846368,,,
K00588,I1IR50,100843210,,,
K00591,I1H108,100838272,,,
K00600,I1IIP2,100825645,,,
K00601,I1IXT9,100832826,,,
K00602,#N/A,100832978,,,
K00604,I1HQH7,100845293,,,
K00605,I1J202,100824957,,,
K00606,I1HDG1,100844970,,,
K00609,I1I2B2,100827799,,,
K00611,I1ID02,100846818,,,
K00615,I1IWW5,100841910,,,
K00616,I1HUS3,100830710,,,
K00620,I1H6V6,100822892,,,
K00621,I1ID87,100839517,,,
K00626,I1HB91,100836749,,,
K00627,#N/A,100839523,,,
K00630,I1I6G2,100836787,,,
K00640,I1HA22,100822275,,,
K00645,I1H6F4,100821853,,,
K00648,I1J2H0,100823947,,,
K00652,#N/A,100822141,,,
K00654,I1H7D7,100835046,,,
K00655,I1I528,100833910,,,
K00658,I1GQ82,100824660,,,
K00660,I1ILF3,100829639,,,
K00679,I1IQJ3,100835274,,,
K00688,I1GN40,100828538,,,
K00695,I1H037,100840503,,,
K00696,I1I2Q2,100825323,,,
K00700,I1GV79,100841615,,,
K00703,I1IFB9,100822651,,,
K00705,I1GRF8,100845971,,,
K00721,I1HHM0,100830714,,,
K00726,I1IFU1,100835640,,,
K00729,I1GLI9,100842934,,,
K00736,I1IDI1,100832652,,,
K00737,I1IB63,100828716,,,
K00759,I1IBJ7,100825126,,,
K00760,#N/A,100837563,,,
K00761,I1HIU1,100821601,,,
K00763,I1IXS1,100827434,,,
K00764,I1HTV3,100836433,,,
K00765,I1HA18,100821967,,,
K00766,I1HAA2,100834744,,,
K00767,I1ISM1,100832195,,,
K00770,I1IHM3,100845417,,,
K00784,#N/A,100834590,,,
K00787,I1J2U5,100844842,,,
K00789,I1HF18,100843457,,,
K00791,I1H865,100823543,,,
K00793,I1IHS9,100840951,,,
K00794,I1GP05,100829053,,,
K00797,#N/A,100846264,,,
K00799,I1GMI8,100846750,,,
K00800,I1H1V3,100837810,,,
K00801,I1GLZ8,100825967,,,
K00811,I1IDH8,100831644,,,
K00814,#N/A,100842828,,,
K00815,I1IL46,100825535,,,
K00817,I1ID33,100827679,,,
K00818,I1HMP4,100838290,,,
K00819,I1GQ16,100840888,,,
K00820,I1IUR9,100841284,,,
K00826,#N/A,100829265,,,
K00827,I1H969,100846647,,,
K00830,#N/A,100842260,,,
K00831,I1H9J2,100842280,,,
K00844,I1HV37,100826327,,,
K00847,I1GZH8,100831015,,,
K00850,I1I3V6,100842872,,,
K00851,I1H1F6,100840455,,,
K00852,I1HQ58,100823162,,,
K00854,I1GRV1,100845058,,,
K00855,I1ICV8,100837995,,,
K00856,I1IBR3,100838929,,,
K00857,I1H4P3,100835449,,,
K00858,I1HJY7,100841633,,,
K00859,I1HY32,100824701,,,
K00860,I1GT66,100824573,,,
K00863,I1GNY2,100842608,,,
K00864,I1J2K5,100831505,,,
K00868,#N/A,100842691,,,
K00869,I1HFH0,100846299,,,
K00872,I1IFS6,100833277,,,
K00873,I1GPP1,100835468,,,
K00876,I1IRK8,100840869,,,
K00878,#N/A,100822316,,,
K00888,I1GP69,100834445,,,
K00889,I1GRK5,100828766,,,
K00891,I1J2E4,100846674,,,
K00894,#N/A,100828034,,,
K00895,I1ID67,100833891,,,
K00899,I1J366,100837535,,,
K00901,I1IH74,100846461,,,
K00902,#N/A,100821329,,,
K00913,I1I9K6,100839314,,,
K00914,#N/A,100832757,,,
K00915,I1IA37,100838319,,,
K00919,I1HSJ9,100840505,,,
K00921,I1H4R4,100840550,,,
K00927,I1HI26,100831948,,,
K00928,I1HUT5,100834482,,,
K00930,I1J0C3,100834272,,,
K00938,I1H7D5,100834541,,,
K00939,I1HA54,100828429,,,
K00940,I1GU99,100841310,,,
K00942,I1H618,100846064,,,
K00943,#N/A,100846276,,,
K00948,#N/A,100842521,,,
K00949,I1HUW0,100840605,,,
K00953,#N/A,100841620,,,
K00962,I1H3D7,100824934,,,
K00963,I1ISL8,100830469,,,
K00965,I1H3B1,100821537,,,
K00966,I1H726,100838729,,,
K00967,I1I224,100842358,,,
K00968,I1I6J4,100842053,,,
K00972,I1J1S2,100837749,,,
K00975,#N/A,100830583,,,
K00981,I1GM18,100836536,,,
K00991,I1HU38,100829889,,,
K00993,I1HWH1,100836263,,,
K00995,I1H6Q7,100841265,,,
K00999,#N/A,100832116,,,
K01001,I1GRH7,100824570,,,
K01006,#N/A,100840523,,,
K01011,#N/A,100825821,,,
K01012,I1I940,100827697,,,
K01047,I1GP43,100831994,,,
K01051,I1IHH5,100825667,,,
K01052,I1IIQ3,100822366,,,
K01054,#N/A,100841087,,,
K01057,I1IS31,100845033,,,
K01068,I1J0H4,100842302,,,
K01069,#N/A,100831277,,,
K01074,I1I671,100834215,,,
K01079,I1II78,100846637,,,
K01081,I1GPY7,100833234,,,
K01082,I1IDN7,100845394,,,
K01087,#N/A,100843888,,,
K01094,I1HSG5,100833668,,,
K01100,I1HTG2,100828873,,,
K01103,I1HLG1,100828289,,,
K01110,I1IIP0,100846535,,,
K01113,I1IB38,100824417,,,
K01114,I1GKQ0,100821862,,,
K01115,I1HEX3,100836140,,,
K01126,#N/A,100830515,,,
K01142,I1HSI8,100837972,,,
K01148,I1I7F1,100841345,,,
K01164,I1IJC4,100822676,,,
K01176,I1GWZ8,100835083,,,
K01177,#N/A,100824427,,,
K01179,#N/A,100835453,,,
K01183,I1IZ79,100841292,,,
K01184,#N/A,100842025,,,
K01187,#N/A,100822109,,,
K01188,I1GNA1,100846247,,,
K01190,I1HVA3,100839496,,,
K01191,I1I2Y9,100841651,,,
K01193,I1IXI6,100838542,,,
K01194,#N/A,100843476,,,
K01205,I1J2P1,100837449,,,
K01206,I1IRY6,100838528,,,
K01209,I1H620,100844814,,,
K01213,#N/A,100827762,,,
K01214,#N/A,100845703,,,
K01227,I1GQ50,100830365,,,
K01228,#N/A,100822845,,,
K01230,I1HKX3,100820902,,,
K01231,I1GZC6,100822520,,,
K01240,I1I9G0,100824618,,,
K01244,I1H1W0,100839737,,,
K01246,#N/A,100828020,,,
K01247,I1HFY5,100823568,,,
K01251,#N/A,100825651,,,
K01254,I1GLL2,100828470,,,
K01255,I1I2Z8,100840631,,,
K01256,#N/A,100838708,,,
K01259,#N/A,100832852,,,
K01307,#N/A,100828890,,,
K01365,I1GN79,100822378,,,
K01426,I1I2W5,100835116,,,
K01427,I1GLH5,100825698,,,
K01431,I1GUE5,100822932,,,
K01433,I1HAW0,100844926,,,
K01438,I1ICS4,100831737,,,
K01444,I1J0B6,100846480,,,
K01455,I1HRY5,100833888,,,
K01456,I1GU77,100836739,,,
K01464,I1HSM7,100846794,,,
K01465,I1HRI2,100821297,,,
K01469,I1I5H1,104583686,,,
K01476,I1IVW5,100821269,,,
K01488,I1GRH8,100822383,,,
K01489,I1HQW6,100846103,,,
K01490,I1HKD6,100840524,,,
K01493,I1HRY7,100832858,,,
K01495,I1J2Z7,100827737,,,
K01501,I1IBW0,100822233,,,
K01507,I1I3V3,100825313,,,
K01510,I1H513,100833921,,,
K01512,I1GZ64,100837969,,,
K01517,I1ISZ0,100823930,,,
K01519,I1I4F4,100823793,,,
K01520,#N/A,100837014,,,
K01522,#N/A,100827306,,,
K01528,I1IFG9,100830643,,,
K01535,#N/A,100846640,,,
K01555,I1HYC8,100826040,,,
K01557,I1GLC4,100837153,,,
K01568,I1H6J2,100828933,,,
K01578,I1IPX1,100840346,,,
K01580,#N/A,100832185,,,
K01581,#N/A,100841583,,,
K01583,I1H1A2,100831880,,,
K01586,#N/A,100834023,,,
K01590,I1IAB9,100826364,,,
K01593,I1I0U7,100832786,,,
K01595,#N/A,100821713,,,
K01597,I1HVJ7,100830501,,,
K01598,I1H018,100835817,,,
K01599,#N/A,100835226,,,
K01601,B3TN59,6439897,,,
K01602,I1IIT7,100840557,,,
K01609,#N/A,100839441,,,
K01610,I1H7B8,100830661,,,
K01611,#N/A,100845637,,,
K01613,I1HAV8,100843712,,,
K01620,I1IZN8,100842610,,,
K01623,I1HBE9,100834905,,,
K01626,I1GSB3,100823133,,,
K01633,I1ISU5,100844216,,,
K01634,I1HC77,100827159,,,
K01637,I1GTU5,100841104,,,
K01638,#N/A,100830169,,,
K01640,I1IUP7,100822477,,,
K01641,I1HAG2,100846544,,,
K01647,I1HYA2,100821411,,,
K01648,I1HET7,100829187,,,
K01649,I1IUJ8,100832390,,,
K01652,I1IX45,100838649,,,
K01653,I1IM61,100821636,,,
K01657,I1GLE1,100832810,,,
K01658,I1IYJ4,100825988,,,
K01661,I1HQ39,100844983,,,
K01662,I1HJH5,100839607,,,
K01663,I1H7B3,100830050,,,
K01673,#N/A,100834303,,,
K01674,#N/A,100844060,,,
K01679,I1H5P4,100821540,,,
K01681,I1HA00,100842898,,,
K01687,I1I9I3,100829216,,,
K01689,I1I3D1,100837902,,,
K01693,I1J1V8,100843014,,,
K01695,#N/A,100838412,,,
K01696,I1I0S0,100828003,,,
K01698,I1HX14,100840737,,,
K01703,I1HWP9,100844388,,,
K01704,I1IC68,100844678,,,
K01711,I1H1S6,100833109,,,
K01714,I1HG29,100827466,,,
K01719,I1H8V5,100827314,,,
K01723,I1GMX1,100839139,,,
K01725,I1I4L3,100834419,,,
K01728,#N/A,100843977,,,
K01733,I1HQL5,100826132,,,
K01735,I1ISA6,100834750,,,
K01736,I1H7C4,100832184,,,
K01738,I1IXP8,100821984,,,
K01739,I1H525,100837599,,,
K01749,I1HXN5,100836032,,,
K01754,I1GP88,100838038,,,
K01755,I1H694,100828562,,,
K01756,I1H648,100825138,,,
K01759,I1HKT1,100839089,,,
K01760,I1H0J4,100836410,,,
K01761,I1I5F1,100831152,,,
K01762,I1HCX1,100823860,,,
K01770,I1ICM2,100821610,,,
K01772,I1IP67,100837011,,,
K01778,I1IHA9,100842496,,,
K01783,I1H9A1,100826802,,,
K01784,I1HFQ6,100838089,,,
K01785,I1GQN4,100829342,,,
K01792,I1J2U2,100843931,,,
K01800,I1ITK8,100833443,,,
K01803,I1IS83,100829343,,,
K01805,I1GRE7,100844241,,,
K01807,I1H368,100840549,,,
K01809,I1HBM0,100835530,,,
K01810,I1HMC6,100821500,,,
K01814,I1HJL7,100845389,,,
K01817,I1IH86,100840977,,,
K01823,I1GTN8,100828970,,,
K01824,I1HC48,100828892,,,
K01834,I1IF63,100827073,,,
K01835,I1GP82,100841901,,,
K01836,I1H2U2,100841669,,,
K01845,I1I8X4,100845106,,,
K01850,I1HRX2,100831943,,,
K01853,I1HX27,100824616,,,
K01858,I1H8P5,100842175,,,
K01859,I1GLL0,100839250,,,
K01866,I1I1N6,100822969,,,
K01867,I1IHT0,100838621,,,
K01868,I1I2N7,100821121,,,
K01869,I1HBH0,100836760,,,
K01870,I1GVG9,100833154,,,
K01872,#N/A,100837273,,,
K01873,I1H3J7,100833141,,,
K01874,I1H822,100833517,,,
K01875,I1HDY2,100836441,,,
K01876,I1IUM8,100836819,,,
K01880,#N/A,100824721,,,
K01881,I1H3G0,100829224,,,
K01883,#N/A,100837019,,,
K01885,I1HED3,100827571,,,
K01886,I1HCS5,100827357,,,
K01887,I1HLH4,100829801,,,
K01889,I1IEX1,100837387,,,
K01890,I1II18,100821229,,,
K01892,I1HLR9,100820903,,,
K01893,#N/A,100830162,,,
K01895,I1IA43,100839844,,,
K01897,I1IV26,100830679,,,
K01899,I1GT20,100843332,,,
K01900,I1IBP6,100835038,,,
K01904,I1IWK7,100821663,,,
K01915,I1J2T4,100842712,,,
K01918,I1GKT0,100823025,,,
K01919,I1HMP3,100837682,,,
K01922,#N/A,100821221,,,
K01923,I1IQW3,100829436,,,
K01930,#N/A,100831282,,,
K01933,I1GLA9,100826949,,,
K01934,I1GT14,100842725,,,
K01937,I1HPF4,100828089,,,
K01938,I1IQK7,100821958,,,
K01939,I1H951,100843709,,,
K01940,I1IGI1,100844015,,,
K01942,I1HXL3,100844888,,,
K01945,I1HGA9,100839999,,,
K01950,I1GUX2,100825078,,,
K01951,I1I2T4,100831654,,,
K01952,I1IYS2,100835695,,,
K01953,I1HI18,100830419,,,
K01955,I1HNQ9,100839092,,,
K01956,I1HXQ9,100834202,,,
K01968,I1IGN6,100828042,,,
K01969,I1I750,100826561,,,
K01979,#N/A,6439810,,,
K01981,#N/A,6439802,,,
K01982,#N/A,6439784,,,
K01988,#N/A,100831105,,,
K02083,I1GVW7,100835283,,,
K02108,B3TN45,6439835,,,
K02109,I1IEA2,100825720,,,
K02110,B3TN46,6439782,,,
K02111,B3TN48,6439769,,,
K02112,B3TN58,6439896,,,
K02113,I1IF76,100828294,,,
K02114,B3TN57,6439847,,,
K02115,I1GU08,100824663,,,
K02126,#N/A,104582115,,,
K02133,I1HGP9,100835839,,,
K02134,I1GU89,100839796,,,
K02135,I1I2B9,100830125,,,
K02136,I1I3S1,100834028,,,
K02137,I1ID35,100828292,,,
K02138,I1GUT3,100844960,,,
K02140,I1HP45,100837484,,,
K02144,#N/A,100825489,,,
K02145,I1GVU2,100842214,,,
K02146,I1HNY4,100827887,,,
K02147,I1GXV6,100835507,,,
K02148,C6ZDC2,100841325,,,
K02149,I1J2G8,100824871,,,
K02150,I1HID4,100846709,,,
K02151,I1HN42,100829903,,,
K02152,I1HGW3,100843047,,,
K02153,#N/A,100824828,,,
K02154,I1H7E4,100835973,,,
K02155,I1IAE0,100830963,,,
K02183,I1GNF7,100835472,,,
K02201,I1H341,100835756,,,
K02202,I1HJT9,100833383,,,
K02209,I1IDH7,100831346,,,
K02210,I1IHI9,100834667,,,
K02212,I1HNE4,100821405,,,
K02257,I1HNB4,100843969,,,
K02258,I1GNY6,100822912,,,
K02259,I1I879,100832063,,,
K02260,I1IDF3,104583834,,,
K02265,I1HPC1,100822958,,,
K02266,I1GMU4,104581877,,,
K02267,I1H4V6,100822057,,,
K02291,I1GV47,100844630,,,
K02293,I1H8Y3,100830664,,,
K02303,#N/A,100843265,,,
K02320,#N/A,100840820,,,
K02321,I1ITD1,100844321,,,
K02324,#N/A,100829409,,,
K02325,#N/A,100828214,,,
K02326,I1IT16,104584736,,,
K02327,#N/A,100827521,,,
K02328,I1HA74,100831775,,,
K02335,#N/A,100833898,,,
K02372,#N/A,100835546,,,
K02377,I1GVL8,100839279,,,
K02433,I1J2G9,100823644,,,
K02434,I1ILA4,100835563,,,
K02435,I1GPX5,100831916,,,
K02437,I1I5A3,100824105,,,
K02492,I1HZT0,100843576,,,
K02516,#N/A,100833717,,,
K02540,I1ILT0,100824624,,,
K02541,I1HIG0,100823461,,,
K02542,I1HKQ3,100835714,,,
K02548,#N/A,100820840,,,
K02552,I1IPK3,100833004,,,
K02575,#N/A,100826356,,,
K02634,B3TN63,6439865,,,
K02635,B3TN79,6439849,,,
K02636,I1GTJ6,100821378,,,
K02637,B3TN80,6439850,,,
K02638,I1H252,100827604,,,
K02639,#N/A,100842491,,,
K02640,B3TN69,6439887,,,
K02641,I1GMK0,100843597,,,
K02684,I1I9I1,100835644,,,
K02685,I1IX32,100832512,,,
K02689,B3TN51,6439778,,,
K02690,B3TN50,6439870,,,
K02691,B3TNA0,6439823,,,
K02692,I1GLW6,100826210,,,
K02693,I1GUX0,100824270,,,
K02694,I1GMQ0,100831679,,,
K02695,I1HGI1,100826849,,,
K02696,B3TN60,6439898,,,
K02698,I1H413,100833427,,,
K02699,I1IIN0,100837816,,,
K02701,I1ITT1,100843409,,,
K02703,B3TNB3,6439798,,,
K02704,B3TN75,6439814,,,
K02705,B3TNB9,6439864,,,
K02706,B3TNB8,6439844,,,
K02707,B3TN67,6439879,,,
K02708,B3TN66,6439878,,,
K02709,B3TN78,6439861,,,
K02710,B3TNB7,6439853,,,
K02711,B3TN64,6439866,,,
K02712,B3TNB6,6439852,,,
K02713,B3TN65,6439867,,,
K02714,B3TN40,6439785,,,
K02716,I1H3F3,100827507,,,
K02717,I1H3Y8,100827919,,,
K02718,B3TN76,6439859,,,
K02721,I1HS58,100846816,,,
K02723,I1I0K4,100842253,,,
K02724,B3TNC0,6439780,,,
K02725,I1HWX2,100843181,,,
K02726,I1IBV9,100823086,,,
K02727,I1HI75,100838471,,,
K02728,I1H0J0,100836430,,,
K02729,I1IIA6,100825853,,,
K02730,I1H910,100835050,,,
K02731,I1IS98,100832386,,,
K02732,I1I8V3,100841355,,,
K02734,I1GPC9,100827540,,,
K02735,I1GVE5,100831014,,,
K02736,I1IRU0,100831784,,,
K02737,I1H0Z3,100836232,,,
K02738,I1H1Q7,100830544,,,
K02739,I1HL46,100832453,,,
K02863,I1HJY8,100842737,,,
K02864,I1H6Q0,100840045,,,
K02865,I1HTL3,100840807,,,
K02866,I1IMI3,100823401,,,
K02867,I1HAD5,100841775,,,
K02868,I1HZ38,100822639,,,
K02870,I1ICW5,100839822,,,
K02871,I1HRK1,100835720,,,
K02872,I1GN62,100845636,,,
K02873,I1HWE1,100825017,,,
K02874,B3TN86,6439838,,,
K02875,I1GMH6,100830457,,,
K02876,I1H7Z7,100827203,,,
K02877,I1I3K1,100824102,,,
K02878,B3TN87,6439839,,,
K02879,I1HT82,100839075,,,
K02880,I1IIV6,100843393,,,
K02881,I1GLD7,100822205,,,
K02882,I1HRM4,100839514,,,
K02883,I1HLM5,100840309,,,
K02884,I1IC53,100842552,,,
K02885,I1GR71,100831315,,,
K02886,B3TN91,6439799,,,
K02887,B3TN72,6439776,,,
K02888,I1HGK0,100829900,,,
K02889,I1I4I7,100828513,,,
K02890,B3TN89,6439880,,,
K02891,I1H5M2,100844501,,,
K02892,B3TN92,6439804,,,
K02893,I1GMG0,100840552,,,
K02894,I1IDU1,100826448,,,
K02895,I1GWA4,100821284,,,
K02896,I1HSS3,100832938,,,
K02897,I1HP21,100833390,,,
K02898,I1HD20,100826639,,,
K02899,I1HUQ6,100827049,,,
K02900,I1H4P0,100834832,,,
K02901,I1GVB7,100826008,,,
K02902,I1HN94,100841941,,,
K02903,I1HQT2,100839094,,,
K02904,#N/A,100822960,,,
K02905,I1HKB6,100838587,,,
K02906,#N/A,100828783,,,
K02907,I1IWG2,100845563,,,
K02908,I1GVR6,100824364,,,
K02909,I1HPQ6,100845083,,,
K02910,I1I8F1,100845317,,,
K02911,B3TN97,6439790,,,
K02912,I1I8S3,100837803,,,
K02913,I1HHP5,100827677,,,
K02914,I1HNR3,100840312,,,
K02915,I1I1G3,100839722,,,
K02916,I1GKA2,100839673,,,
K02917,I1HGM6,100832242,,,
K02918,I1I9U7,100820930,,,
K02919,B3TN83,6439842,,,
K02920,I1HT92,100842116,,,
K02921,I1HQE0,100831339,,,
K02922,I1IDU5,100827072,,,
K02923,I1GTN3,100827860,,,
K02924,I1H0E6,100827493,,,
K02925,I1IU29,100843702,,,
K02926,I1IKT8,100828027,,,
K02927,I1HK96,100837381,,,
K02929,I1GUT0,100843847,,,
K02930,I1GM81,100845116,,,
K02931,I1HAB3,100837519,,,
K02932,I1IXJ5,100839469,,,
K02933,I1H5D5,100831674,,,
K02934,I1IB33,100823288,,,
K02935,I1HQ35,100846704,,,
K02936,I1J2V0,100844931,,,
K02937,I1GM06,100845883,,,
K02938,I1GKL2,100843101,,,
K02939,I1IE72,100845905,,,
K02940,I1H1Z7,100833190,,,
K02941,I1I2F8,100835745,,,
K02942,I1I0I0,100839013,,,
K02943,I1IXG5,100833754,,,
K02945,I1HNZ6,100830014,,,
K02946,#N/A,100836589,,,
K02947,I1IXS4,100828552,,,
K02948,B3TN82,6439841,,,
K02949,I1I1X5,100834521,,,
K02950,B3TN73,6439783,,,
K02951,I1GMJ6,100839439,,,
K02952,I1GP27,100833335,,,
K02953,I1GT69,100825183,,,
K02954,B3TN49,6439772,,,
K02955,I1IXJ1,100838855,,,
K02956,B3TN95,6439894,,,
K02957,I1HDQ1,100841318,,,
K02958,I1GM60,100836895,,,
K02959,B3TNB5,6439809,,,
K02960,I1INP1,100835886,,,
K02961,#N/A,100845152,,,
K02962,I1I4T0,100846322,,,
K02963,B3TN71,6439775,,,
K02964,I1H396,100844498,,,
K02965,B3TN90,6439818,,,
K02966,I1IIW0,100824530,,,
K02967,B3TN44,6439795,,,
K02968,I1HQD2,100837078,,,
K02969,I1H1V2,100838410,,,
K02970,#N/A,100840582,,,
K02971,I1H5K3,100840852,,,
K02973,I1HIL8,100832317,,,
K02974,I1HYZ1,100833592,,,
K02975,I1IT22,100829243,,,
K02976,I1HSX3,100842631,,,
K02977,I1HF29,100824378,,,
K02978,I1IX73,100843921,,,
K02979,I1HW13,100831273,,,
K02980,#N/A,106866596,,,
K02981,I1GLW2,100822310,,,
K02982,B3TN88,6439840,,,
K02983,I1H0L4,100840195,,,
K02984,I1HW94,100826559,,,
K02985,I1GSG3,100845739,,,
K02986,B3TN53,6439771,,,
K02987,I1HLR2,100846406,,,
K02988,I1HD01,100841719,,,
K02989,I1ITW0,100821763,,,
K02990,I1HDC6,100840407,,,
K02991,#N/A,100822365,,,
K02992,B3TN94,6439812,,,
K02993,I1H6F7,100822161,,,
K02994,B3TN85,6439857,,,
K02995,I1H1R3,100832177,,,
K02996,I1GMV8,100832075,,,
K02997,I1IIB4,100832267,,,
K02998,I1H8Z2,100832279,,,
K02999,#N/A,100821444,,,
K03000,I1GP74,100824554,,,
K03002,#N/A,100834726,,,
K03004,I1HCQ7,100830304,,,
K03005,#N/A,100835360,,,
K03006,#N/A,104581368,,,
K03007,I1ITW4,100822387,,,
K03008,I1H2S9,100839628,,,
K03009,I1I250,100843746,,,
K03010,I1GQ05,100838357,,,
K03011,I1IIS1,100833824,,,
K03012,I1HWD6,100843177,,,
K03013,I1HSL8,100844964,,,
K03014,I1IAK6,100844296,,,
K03015,I1HJL8,100821003,,,
K03016,I1GWK2,100837358,,,
K03017,I1HAW3,100845538,,,
K03018,I1I9J2,100830443,,,
K03020,I1IMI8,100834353,,,
K03021,I1HXW7,100839519,,,
K03022,I1GUK3,100831013,,,
K03023,I1HQD5,100837993,,,
K03024,#N/A,100844933,,,
K03025,I1GXJ1,100840897,,,
K03026,I1HLB8,100846711,,,
K03027,I1GQN8,100828268,,,
K03028,I1HX57,100837709,,,
K03029,I1H7I2,100841877,,,
K03030,I1HEA4,100838466,,,
K03031,I1I1Y3,100836881,,,
K03032,I1I223,100835233,,,
K03033,I1ISC9,100838341,,,
K03035,I1GR78,100831617,,,
K03036,I1H4H3,100826582,,,
K03037,I1IZ04,100826927,,,
K03038,I1J2Y6,100825567,,,
K03039,I1I6J0,100841254,,,
K03040,B3TN81,6439777,,,
K03043,B3TN42,6439892,,,
K03046,B3TN43,6439871,,,
K03061,I1H051,100841713,,,
K03062,I1H6E7,100846138,,,
K03063,I1HZN8,100839111,,,
K03064,I1GXG2,100835701,,,
K03065,I1H0K8,100839188,,,
K03066,I1HYK7,100833280,,,
K03070,I1HF07,100841935,,,
K03094,I1ILU2,100826905,,,
K03097,I1H4A1,100839551,,,
K03100,I1IQN5,100841275,,,
K03103,I1GLM0,100831816,,,
K03104,I1J201,100824654,,,
K03105,I1IYX8,100822604,,,
K03106,I1HHT7,100844770,,,
K03107,I1HYD6,100830023,,,
K03108,I1HU48,100832940,,,
K03109,I1GZ79,100840601,,,
K03110,I1HVD5,100844057,,,
K03111,I1HPU9,100825922,,,
K03113,#N/A,100831096,,,
K03115,I1J076,100827542,,,
K03118,I1HFK6,100827882,,,
K03120,#N/A,100837002,,,
K03122,I1HKL8,100827776,,,
K03123,I1HN19,100828994,,,
K03124,I1IS80,100828741,,,
K03125,#N/A,100835170,,,
K03126,I1HYE8,100821508,,,
K03127,#N/A,100824647,,,
K03128,#N/A,100821849,,,
K03129,I1IC60,100843773,,,
K03130,I1GVK3,100837458,,,
K03131,I1IP35,100830054,,,
K03132,I1HPX2,100831039,,,
K03133,I1H4N9,100834532,,,
K03134,I1H2W4,100846337,,,
K03135,I1HQE3,100838901,,,
K03136,I1I3A7,100834936,,,
K03137,I1H942,100841072,,,
K03138,I1I3H5,100846625,,,
K03139,I1HHT4,100843964,,,
K03141,I1I1K5,100845916,,,
K03142,I1IZI1,100833758,,,
K03143,I1HWR1,100830439,,,
K03144,I1J3F3,100827851,,,
K03146,I1GTU4,100841709,,,
K03147,I1GPL5,100843013,,,
K03165,#N/A,100833828,,,
K03178,#N/A,100842312,,,
K03183,#N/A,100831799,,,
K03217,I1I5H7,100836268,,,
K03231,I1GMP2,100822582,,,
K03236,I1GYD4,100840401,,,
K03237,I1H6G3,100823707,,,
K03238,I1H5T1,100827004,,,
K03239,I1IIA4,100824322,,,
K03240,I1IDS0,100823064,,,
K03241,I1I5L2,100841253,,,
K03242,I1IGR7,100837926,,,
K03243,I1IUQ2,100838847,,,
K03245,I1HWL4,100834330,,,
K03246,I1IKI5,100841470,,,
K03247,I1IWX1,100826610,,,
K03248,I1IDB7,100845086,,,
K03249,I1HN64,100836953,,,
K03250,I1H2L5,100827915,,,
K03251,I1HGC4,100829584,,,
K03252,I1IQ98,100820956,,,
K03253,I1GQ18,100822093,,,
K03254,I1HBH6,100837986,,,
K03257,I1GWP1,100844546,,,
K03259,I1H778,100825140,,,
K03260,#N/A,100842805,,,
K03262,I1HX75,100831458,,,
K03264,I1HEL2,100826654,,,
K03265,I1GP16,100821160,,,
K03267,I1IWN6,100841181,,,
K03283,I1H6X1,100824938,,,
K03347,I1HLT6,100824498,,,
K03348,#N/A,100840206,,,
K03349,I1IZ00,100826301,,,
K03350,I1GX85,100823965,,,
K03351,I1IFL3,100825517,,,
K03352,#N/A,100831489,,,
K03353,I1H7N6,100827551,,,
K03354,I1IY63,100829661,,,
K03355,I1IC79,100846817,,,
K03357,I1HFY9,100823875,,,
K03358,I1H6B0,100839941,,,
K03363,I1IPI1,100829744,,,
K03364,I1HAC7,100839038,,,
K03403,I1GRM4,100831513,,,
K03404,I1GLS0,100824575,,,
K03405,I1H168,100826370,,,
K03426,I1H1M9,100824625,,,
K03428,I1H198,100829664,,,
K03434,I1J3D9,100825685,,,
K03456,I1IIW4,100831472,,,
K03504,I1HD40,100831421,,,
K03505,I1I197,100827592,,,
K03512,I1GZF6,100827137,,,
K03514,I1HQ99,100828283,,,
K03517,#N/A,100835587,,,
K03526,I1IBC3,100838320,,,
K03527,I1GNN3,100825558,,,
K03537,I1IVG0,100830683,,,
K03538,I1HII1,100827157,,,
K03539,#N/A,100830772,,,
K03541,I1H405,100831370,,,
K03542,I1HTT0,100827756,,,
K03553,I1GQ30,100841100,,,
K03575,I1ITK1,100830675,,,
K03635,I1IPN9,104584667,,,
K03637,I1IYH6,100821985,,,
K03644,I1HS18,100838790,,,
K03648,I1J398,100844435,,,
K03652,#N/A,100822861,,,
K03654,I1GR35,100826629,,,
K03655,#N/A,100841141,,,
K03660,I1IAG9,100836671,,,
K03661,I1HPA4,100846505,,,
K03678,I1IAE9,100832261,,,
K03679,I1GLV1,100831931,,,
K03680,I1GQ10,100824770,,,
K03681,I1HQ28,100843769,,,
K03689,B3TN41,6439899,,,
K03691,I1GT72,100825796,,,
K03715,I1IDK3,100838296,,,
K03754,I1I3M0,100826572,,,
K03781,I1HA44,100826491,,,
K03787,I1HQV0,100842342,,,
K03794,#N/A,100845003,,,
K03801,I1HY42,100840125,,,
K03809,I1H4F1,100832004,,,
K03841,I1H739,100840857,,,
K03842,I1H908,100828564,,,
K03843,#N/A,100838439,,,
K03844,I1IH32,100841990,,,
K03845,I1HCF7,100822122,,,
K03846,#N/A,100845981,,,
K03847,I1J092,100830072,,,
K03848,I1H5W5,100834235,,,
K03849,I1ICR1,100828196,,,
K03850,I1IZD7,100827541,,,
K03857,#N/A,100839375,,,
K03858,I1HLF6,100827065,,,
K03859,I1IBQ0,100836175,,,
K03860,I1GMQ8,100846144,,,
K03861,#N/A,100842149,,,
K03868,I1HB59,100841533,,,
K03869,I1IFA6,100834318,,,
K03872,I1IJ09,100835048,,,
K03875,I1HJ84,100821602,,,
K03921,I1I1U6,100828511,,,
K03934,I1GP93,100844331,,,
K03937,I1GSW9,100833859,,,
K03938,I1IA40,100838927,,,
K03939,I1I1D0,100833291,,,
K03940,I1HR16,100827781,,,
K03941,I1GMT5,100845125,,,
K03942,I1H2K3,100824830,,,
K03943,I1HHU0,100845688,,,
K03945,I1HIC3,100844878,,,
K03946,I1I9L2,100833812,,,
K03949,I1H652,100827411,,,
K03950,I1GRV2,100845666,,,
K03952,I1H6H5,100825754,,,
K03953,I1IDW6,100831041,,,
K03955,I1H5F3,100832273,,,
K03963,I1HA58,100828733,,,
K03965,I1GX01,100836008,,,
K03966,I1I6H4,100839536,,,
K04035,I1HEK1,100828682,,,
K04040,I1HKD7,100841031,,,
K04043,#N/A,100823475,,,
K04077,I1I4G9,100825736,,,
K04079,I1IVV3,100824256,,,
K04120,#N/A,100825198,,,
K04121,I1J1N9,100827748,,,
K04122,#N/A,100834998,,,
K04123,#N/A,100840895,,,
K04124,I1HCK5,100835718,,,
K04125,I1HKX4,100821200,,,
K04354,I1HP46,100837992,,,
K04368,I1H9Q4,100826178,,,
K04382,I1H9B2,100829134,,,
K04392,I1IFD6,100838482,,,
K04482,I1IIA5,100826994,,,
K04487,I1IPG3,100825765,,,
K04506,I1HDM9,100833057,,,
K04523,I1HA42,100825650,,,
K04554,I1H048,100842016,,,
K04564,I1H1G3,100838250,,,
K04565,I1H800,100828127,,,
K04567,I1GQJ1,100844748,,,
K04646,I1IV81,100837941,,,
K04649,I1HUS1,100831524,,,
K04706,#N/A,100822725,,,
K04708,I1ICY0,100842960,,,
K04710,I1IPS1,100842490,,,
K04711,I1HXA8,100833813,,,
K04712,I1IZY6,100834457,,,
K04713,I1IFA8,100834617,,,
K04715,I1IC78,100845296,,,
K04718,I1GTG5,100831815,,,
K04728,#N/A,100845900,,,
K04799,I1HH26,100826850,,,
K04802,I1IDN4,100843467,,,
K05019,I1H7F5,100838940,,,
K05275,I1I5F0,100831456,,,
K05278,I1IEU5,100831956,,,
K05279,I1I1F5,100838607,,,
K05280,#N/A,100840140,,,
K05282,I1GKM0,100837430,,,
K05283,I1H512,100833614,,,
K05284,I1ISX4,100822384,,,
K05285,#N/A,100842770,,,
K05286,I1HW88,100835549,,,
K05287,I1HA64,100831174,,,
K05288,I1IHS8,100834035,,,
K05289,I1HQF3,100840623,,,
K05290,I1HYS5,100834211,,,
K05291,I1HUD9,100828177,,,
K05292,I1ILR8,100822063,,,
K05293,I1GSL2,100841308,,,
K05298,I1IYG7,100846055,,,
K05305,I1HAJ5,100826076,,,
K05309,I1IWI5,100832419,,,
K05310,I1IFJ4,100833410,,,
K05349,I1GNA2,100822901,,,
K05350,#N/A,100838545,,,
K05356,I1HG10,100826224,,,
K05359,#N/A,100835471,,,
K05391,I1IDC1,100846411,,,
K05396,#N/A,100834054,,,
K05546,I1H812,100830771,,,
K05572,B3TNA4,6439808,,,
K05573,B3TN93,6439820,,,
K05574,B3TN56,6439845,,,
K05575,B3TN99,6439837,,,
K05576,B3TNA1,6439824,,,
K05577,B3TN96,6439789,,,
K05578,B3TNA2,6439825,,,
K05579,B3TNA5,6439817,,,
K05580,B3TNA3,6439807,,,
K05581,B3TN54,6439868,,,
K05582,B3TN55,6439869,,,
K05605,I1HRM2,100825286,,,
K05607,I1IC58,100843164,,,
K05657,#N/A,100837760,,,
K05658,#N/A,100827568,,,
K05663,I1H5V4,100830969,,,
K05674,#N/A,100823223,,,
K05749,#N/A,100832691,,,
K05754,I1IL29,100838733,,,
K05755,I1GKW1,100823545,,,
K05756,I1HZ41,100831443,,,
K05757,I1IDX5,100833080,,,
K05758,I1HA48,100827108,,,
K05857,#N/A,100831986,,,
K05894,I1IY57,100828447,,,
K05906,#N/A,100821994,,,
K05907,I1GU32,100828269,,,
K05917,I1GTB8,100830263,,,
K05928,I1ICX9,100836877,,,
K05929,I1HQM3,100828194,,,
K05933,I1IMV2,100827208,,,
K05954,#N/A,100845294,,,
K05955,I1IRT6,100830567,,,
K06001,I1GX60,100844752,,,
K06013,I1ICL9,100821110,,,
K06063,I1IEZ7,100840735,,,
K06100,I1GQU7,100836703,,,
K06118,I1HJY1,100840118,,,
K06119,I1HBW3,100832140,,,
K06124,I1HR17,100828291,,,
K06125,I1IFN5,100839928,,,
K06126,I1GL38,100823739,,,
K06127,I1HVU8,100845887,,,
K06129,I1GNP9,100841379,,,
K06130,I1HCI4,100844158,,,
K06133,I1I293,100824512,,,
K06210,I1IDU3,100842773,,,
K06215,I1H9F9,100837310,,,
K06269,#N/A,100838096,,,
K06443,I1HY61,104583450,,,
K06444,I1HNV6,100821922,,,
K06611,I1GZG7,100830787,,,
K06617,#N/A,100839679,,,
K06634,I1GNJ7,100830061,,,
K06664,I1I1M1,100821323,,,
K06688,I1HED7,100835833,,,
K06689,I1HID8,100821498,,,
K06691,#N/A,100827907,,,
K06699,I1GYV0,100845882,,,
K06700,I1GTM8,100827041,,,
K06928,#N/A,100831212,,,
K06943,I1H033,100839587,,,
K06949,#N/A,100831693,,,
K06965,I1J2W5,100821881,,,
K07024,#N/A,100829936,,,
K07151,I1HHI0,100824594,,,
K07178,#N/A,100837280,,,
K07179,I1HU45,100831419,,,
K07203,#N/A,100835842,,,
K07204,#N/A,100844309,,,
K07252,I1H6M1,100833734,,,
K07253,I1GWM3,100841922,,,
K07342,I1GVN6,100827752,,,
K07374,I1GNT6,100846768,,,
K07375,I1HSL9,100843442,,,
K07407,I1GR51,100829566,,,
K07408,#N/A,104582990,,,
K07410,#N/A,100824789,,,
K07418,#N/A,100824609,,,
K07432,I1HMK1,100832454,,,
K07441,I1ICT2,100833273,,,
K07466,I1H4D9,100821436,,,
K07512,I1GL35,100843602,,,
K07513,I1I4F7,100824103,,,
K07541,I1IGT6,100836598,,,
K07542,I1II94,100825434,,,
K07562,#N/A,100835245,,,
K07573,I1ISN9,100834661,,,
K07748,I1H4Q4,100838723,,,
K07765,#N/A,100841320,,,
K07889,#N/A,100833016,,,
K07897,#N/A,100821204,,,
K07901,#N/A,100846638,,,
K07904,I1I3N5,100828714,,,
K07936,I1HG62,100832241,,,
K07937,I1H2L0,100825133,,,
K07953,I1HE00,100834596,,,
K07964,I1H0H6,100834568,,,
K08054,I1HBF9,100845791,,,
K08057,I1GLA2,100841311,,,
K08081,I1H722,100837602,,,
K08099,#N/A,100839712,,,
K08101,#N/A,100829998,,,
K08232,I1ID19,100824394,,,
K08242,I1HA07,100845021,,,
K08246,I1ILZ5,100834141,,,
K08247,#N/A,100836641,,,
K08248,#N/A,100822804,,,
K08266,I1HV65,100830609,,,
K08269,I1H728,100834464,,,
K08288,I1HEH5,100826220,,,
K08330,#N/A,100841336,,,
K08331,I1IC19,100834008,,,
K08333,I1IDH0,100829300,,,
K08334,I1HQE9,100840314,,,
K08336,I1IEM0,100846002,,,
K08337,I1HPD7,100826547,,,
K08339,I1HWE7,100834025,,,
K08341,I1GU16,100825271,,,
K08342,I1J3G5,100829360,,,
K08343,I1I652,100820929,,,
K08486,I1IHX6,100836893,,,
K08489,I1H1H1,100843493,,,
K08490,I1HCM5,100824082,,,
K08492,I1IZY9,100835373,,,
K08493,I1HH11,100824985,,,
K08495,I1HWS0,100829101,,,
K08496,I1GPW0,100836304,,,
K08497,I1HL04,100825105,,,
K08503,I1HWG5,100825424,,,
K08504,I1IE18,100839307,,,
K08505,I1H8T6,100823616,,,
K08506,#N/A,100822792,,,
K08507,I1I8Z1,100821950,,,
K08515,I1IDL2,100844780,,,
K08516,I1HVH2,100827456,,,
K08517,I1GME9,100825035,,,
K08653,I1H0R2,100822086,,,
K08658,I1HKA2,100834096,,,
K08678,I1H6U0,100846235,,,
K08679,I1IRI8,100838738,,,
K08681,I1H948,100842485,,,
K08695,I1J271,100835070,,,
K08730,I1HBF1,100836759,,,
K08734,I1HVE0,100845473,,,
K08735,#N/A,100842311,,,
K08736,#N/A,100824247,,,
K08737,I1HCP3,100837570,,,
K08738,I1HU25,100826637,,,
K08739,#N/A,100827102,,,
K08744,I1HSE4,100828271,,,
K08775,#N/A,100832537,,,
K08852,I1GUM2,100833665,,,
K08873,I1GNI9,104581974,,,
K08901,I1H4F7,100824324,,,
K08902,I1H5S8,100827920,,,
K08903,I1GL56,100840188,,,
K08905,#N/A,100842599,,,
K08906,#N/A,100829962,,,
K08907,I1GYR0,100838367,,,
K08908,I1GT24,100843944,,,
K08909,I1HYD4,100835853,,,
K08910,I1IQ21,100833322,,,
K08911,I1IEV8,100835021,,,
K08912,#N/A,100841670,,,
K08913,I1GQI0,100842929,,,
K08914,I1GTH0,100836842,,,
K08915,I1GTI3,100834994,,,
K08916,I1IM95,100821549,,,
K08917,I1IYE6,100842091,,,
K08963,I1IMJ2,100834960,,,
K08967,I1GTE3,100837759,,,
K08991,I1HV60,100829380,,,
K09291,#N/A,100825422,,,
K09458,I1IY37,100823940,,,
K09480,I1IAB1,100824823,,,
K09481,I1INW3,100845129,,,
K09486,I1ID46,100830517,,,
K09487,I1GVA9,100823353,,,
K09490,I1HCZ8,100837975,,,
K09503,I1GMH2,100822367,,,
K09517,I1HLK7,100836952,,,
K09518,I1HNK5,100828391,,,
K09523,I1HVW0,100820991,,,
K09540,I1GYK6,100828472,,,
K09561,I1HN63,100837259,,,
K09562,I1H710,100834539,,,
K09567,I1GLR4,100837460,,,
K09580,I1IMR6,100846545,,,
K09584,I1HLL5,100838474,,,
K09587,I1H7R8,100837605,,,
K09588,I1IUJ6,100831598,,,
K09589,I1HL09,100839691,,,
K09590,I1GQE7,100837653,,,
K09591,I1HTF7,100827766,,,
K09647,I1IK97,100831078,,,
K09648,I1H9R3,100827315,,,
K09658,I1ILX2,100831684,,,
K09659,I1IRR8,100826910,,,
K09667,I1I9R3,100846315,,,
K09680,I1IS70,100839438,,,
K09699,I1HEY2,100837376,,,
K09753,#N/A,100831271,,,
K09754,I1HI50,100835531,,,
K09755,#N/A,100833404,,,
K09756,I1HNL2,100832770,,,
K09828,I1GV37,100833467,,,
K09832,I1HD77,100827562,,,
K09833,I1GVQ7,100821283,,,
K09834,I1HZI3,100846924,,,
K09835,I1IKZ2,100840652,,,
K09837,I1I5X8,100835344,,,
K09838,I1IY95,100835175,,,
K09839,I1IWZ4,100829969,,,
K09840,I1H445,100836107,,,
K09841,I1GLS4,100827045,,,
K09842,I1H3G5,100829833,,,
K09843,I1ICZ2,100837492,,,
K09903,I1HVH7,100834404,,,
K10046,I1IKR6,100824332,,,
K10047,I1GQI9,100844148,,,
K10084,I1IFE8,100826047,,,
K10085,I1HS57,100846508,,,
K10088,I1GVG7,100833774,,,
K10140,I1HBV8,100842647,,,
K10143,#N/A,100827481,,,
K10144,I1I4E7,100822563,,,
K10206,I1H0G5,100831819,,,
K10251,I1IB84,100833506,,,
K10258,I1HC19,100830422,,,
K10365,I1H500,100831673,,,
K10525,I1GQP1,100829167,,,
K10526,I1HA38,100829365,,,
K10527,I1IPG4,100826280,,,
K10528,I1HW83,100831133,,,
K10532,I1HUV5,100839989,,,
K10534,I1IER4,100827784,,,
K10536,I1IYM4,100831302,,,
K10563,I1GVF3,100833637,,,
K10570,#N/A,100837859,,,
K10571,I1HFG4,100845485,,,
K10572,I1J2X5,100821360,,,
K10573,I1H3E3,100826690,,,
K10575,I1HT85,100841313,,,
K10576,I1GKI7,100821138,,,
K10577,I1HAC9,100840862,,,
K10578,I1H673,100831984,,,
K10579,I1IPC9,100821446,,,
K10580,I1HGH6,100825911,,,
K10581,I1HBK9,100841219,,,
K10583,I1GVS8,100830783,,,
K10588,I1GPJ2,100826283,,,
K10589,#N/A,100841930,,,
K10590,#N/A,100826048,,,
K10591,#N/A,100826898,,,
K10592,I1IIM8,100821130,,,
K10597,I1GQS1,100835300,,,
K10598,I1H8H4,100828731,,,
K10599,I1H9X7,100837922,,,
K10601,I1GYV2,100846690,,,
K10609,I1GMH9,100834237,,,
K10610,I1HFT4,100841631,,,
K10636,I1GUF2,100824161,,,
K10643,#N/A,100841785,,,
K10661,I1GVD2,100827964,,,
K10666,I1HRZ5,100835412,,,
K10683,#N/A,100835205,,,
K10684,I1ILN8,100842795,,,
K10685,I1GSW3,100839563,,,
K10686,I1HEE4,100838283,,,
K10688,I1GPK6,100831205,,,
K10703,I1HVR4,100842646,,,
K10712,#N/A,100842232,,,
K10717,#N/A,100829850,,,
K10728,#N/A,100841278,,,
K10739,I1IFN7,100828397,,,
K10740,I1HDZ6,100829480,,,
K10742,#N/A,100823226,,,
K10743,I1IU91,100841783,,,
K10744,I1IYU1,100841903,,,
K10745,I1HXN6,100838095,,,
K10746,#N/A,100822831,,,
K10747,#N/A,100843366,,,
K10754,#N/A,100841258,,,
K10755,I1J0Q5,100829254,,,
K10756,I1GME4,100837911,,,
K10760,#N/A,100821993,,,
K10772,#N/A,100830878,,,
K10773,#N/A,100825895,,,
K10775,I1IZQ0,100845653,,,
K10777,#N/A,100844955,,,
K10781,I1H1P1,100827301,,,
K10782,I1IRJ8,100840264,,,
K10798,I1H259,100828525,,,
K10801,I1IVD5,100825070,,,
K10802,I1GV64,100838667,,,
K10803,I1H1P9,100823945,,,
K10807,I1H0M8,100844446,,,
K10838,I1I768,100830028,,,
K10839,I1GZ66,100838271,,,
K10841,I1HC58,100838784,,,
K10842,I1H0M0,100842017,,,
K10843,I1HQK0,100822542,,,
K10844,I1HLZ9,100833387,,,
K10845,#N/A,104581277,,,
K10846,I1H8E5,100824635,,,
K10848,I1HAY0,100820951,,,
K10849,I1I5G1,100833808,,,
K10858,I1IB41,100824722,,,
K10865,#N/A,100839664,,,
K10866,#N/A,100845007,,,
K10867,I1I4W8,100824411,,,
K10869,#N/A,100846195,,,
K10870,I1HNT6,100846302,,,
K10871,I1GUH2,100827134,,,
K10875,I1IEW6,100831864,,,
K10879,#N/A,100842954,,,
K10880,#N/A,100831144,,,
K10881,I1HED9,100822740,,,
K10882,#N/A,100834151,,,
K10884,I1H311,100829027,,,
K10885,I1GKM8,100830366,,,
K10886,I1GNH6,100845947,,,
K10901,#N/A,100841605,,,
K10950,I1GNN0,100845644,,,
K10956,I1IPI4,100830668,,,
K10960,I1HE84,100821798,,,
K11086,#N/A,106865937,,,
K11087,I1IB12,100846329,,,
K11088,I1HW00,100821324,,,
K11091,I1HLM8,100841222,,,
K11092,I1GKU0,100839483,,,
K11093,I1I596,100822879,,,
K11094,I1H6D9,100845326,,,
K11095,I1HZD7,100822246,,,
K11096,I1HVJ4,100831115,,,
K11097,I1I1N0,100821943,,,
K11098,I1GVQ2,100825892,,,
K11099,I1IRS8,100828642,,,
K11108,I1GL78,100831928,,,
K11128,I1IKW0,100830464,,,
K11129,I1IE97,100824602,,,
K11130,#N/A,100831459,,,
K11131,I1HCM0,100838391,,,
K11147,I1HLI4,100832643,,,
K11155,#N/A,100832396,,,
K11188,I1GRW3,100821892,,,
K11262,#N/A,100834926,,,
K11352,I1I6K0,100843484,,,
K11353,I1H8P9,100843297,,,
K11420,I1IUS8,100825241,,,
K11423,I1IPA6,100844116,,,
K11430,I1H677,100832275,,,
K11517,#N/A,100835569,,,
K11583,I1HY71,100829304,,,
K11584,I1GKY4,100834746,,,
K11599,I1IDJ7,100837080,,,
K11600,I1HGJ4,100828383,,,
K11717,I1INJ0,100829643,,,
K11718,I1I4M5,100837496,,,
K11752,#N/A,100846374,,,
K11755,I1HEG9,100840720,,,
K11778,I1IQM9,100826270,,,
K11808,I1HD09,100840405,,,
K11816,#N/A,100823136,,,
K11817,I1GMF8,100836900,,,
K11824,I1HAM0,100829540,,,
K11826,I1ICS3,100831247,,,
K11827,I1ITM1,100835474,,,
K11863,I1HTF6,100827657,,,
K11864,I1HGZ8,100822119,,,
K11866,I1HF61,100827373,,,
K11883,I1HWB3,100834504,,,
K11984,I1IFK6,100825209,,,
K11996,I1H0M3,100842319,,,
K12115,#N/A,100832311,,,
K12116,I1IL76,100845844,,,
K12118,I1IYC4,100839051,,,
K12119,I1IBR0,100838321,,,
K12120,I1GNX8,100836209,,,
K12121,I1H664,100829838,,,
K12124,I1HCQ1,100822621,,,
K12125,I1HFR2,100838991,,,
K12126,#N/A,100844358,,,
K12127,I1IBM3,100831155,,,
K12129,I1H6Q1,100840348,,,
K12130,#N/A,100823927,,,
K12133,I1I1F4,100838310,,,
K12160,I1HUL5,100843641,,,
K12161,I1GWB6,100822830,,,
K12173,#N/A,100839893,,,
K12183,I1GLT9,100846242,,,
K12184,#N/A,106865427,,,
K12185,I1H8U4,100826074,,,
K12188,I1IS26,100834536,,,
K12189,I1GVE7,100832710,,,
K12190,I1HSQ3,100828067,,,
K12191,I1H2I2,100821134,,,
K12192,I1I4N7,100839014,,,
K12193,I1H324,100832270,,,
K12194,I1GXF2,100834174,,,
K12195,I1IB76,100832170,,,
K12196,I1HBV5,100837561,,,
K12197,I1GVE4,100830707,,,
K12198,I1HN86,100841033,,,
K12199,I1GYS4,100841818,,,
K12200,I1I526,100833603,,,
K12235,I1J0F9,100839879,,,
K12251,I1IA83,100821425,,,
K12259,I1HQV6,100823564,,,
K12261,I1HD68,100829473,,,
K12272,I1HVC0,100842533,,,
K12275,I1HZY7,100833804,,,
K12309,I1HH43,100828384,,,
K12349,I1HPK0,100837567,,,
K12355,I1HP13,100832456,,,
K12373,I1H7Z8,100827516,,,
K12446,I1HX45,100827295,,,
K12447,#N/A,100845164,,,
K12448,I1H3Y0,100824116,,,
K12449,I1HVK7,100832847,,,
K12450,I1HZ11,100829812,,,
K12451,I1ICL3,100845999,,,
K12456,I1GRZ8,100829266,,,
K12471,I1IDP5,100839210,,,
K12479,I1HZV0,100824201,,,
K12483,I1HXE5,100826262,,,
K12486,I1GTF9,100832113,,,
K12489,#N/A,100843677,,,
K12492,I1H6W5,100825543,,,
K12493,I1GKN7,100826708,,,
K12501,I1HH16,100825292,,,
K12502,I1IGE7,100837610,,,
K12524,#N/A,100835243,,,
K12580,#N/A,100823027,,,
K12581,I1IQ55,100838839,,,
K12585,I1HA61,100829846,,,
K12586,I1ILX3,100834643,,,
K12587,I1GS12,100831709,,,
K12589,I1GUB8,100845366,,,
K12590,I1GKN8,100846048,,,
K12591,I1H9J4,100829771,,,
K12592,#N/A,100834810,,,
K12593,I1HBY2,100838897,,,
K12598,I1H222,100822667,,,
K12599,I1HXF9,100836649,,,
K12600,I1I5Y7,100846927,,,
K12602,I1IJL2,100833314,,,
K12603,I1I3X8,100820928,,,
K12604,#N/A,100843991,,,
K12605,I1HIA7,100843655,,,
K12606,I1GMJ9,100841771,,,
K12607,#N/A,100826144,,,
K12608,I1H634,100822673,,,
K12611,I1H2E6,100841064,,,
K12613,I1IDP1,104583839,,,
K12614,I1I573,100844693,,,
K12616,I1GYW5,100821480,,,
K12617,#N/A,100835878,,,
K12619,I1HTV0,100835512,,,
K12620,I1IAP4,100825845,,,
K12621,I1I1J6,100843890,,,
K12622,I1HTR1,100822834,,,
K12623,I1HE26,100821596,,,
K12624,I1HJW2,100837074,,,
K12625,I1IX44,100838348,,,
K12626,I1I142,100846427,,,
K12627,I1HFQ8,100838688,,,
K12639,I1IYP5,100833643,,,
K12657,I1HTD4,100823447,,,
K12662,I1H5E6,100846442,,,
K12663,I1HUR8,100829779,,,
K12666,I1HA65,100831476,,,
K12667,I1HUG4,100840112,,,
K12668,I1H1B4,100834948,,,
K12669,I1IMU9,100826386,,,
K12670,I1H2P4,100832679,,,
K12733,I1I9H8,100828616,,,
K12741,I1HYU9,100831046,,,
K12742,#N/A,104583049,,,
K12795,I1HPK3,100838478,,,
K12811,I1HNZ5,100846703,,,
K12812,I1HNG8,100824690,,,
K12813,I1H519,100834233,,,
K12815,I1GU40,100830086,,,
K12816,#N/A,100828561,,,
K12817,#N/A,100827350,,,
K12818,I1I3F3,100835731,,,
K12819,I1I0N2,100821942,,,
K12820,I1H646,100824836,,,
K12821,I1GXP7,100825893,,,
K12822,I1I719,100842258,,,
K12823,I1HNG4,100822322,,,
K12824,#N/A,100837275,,,
K12825,I1HE92,100845178,,,
K12826,I1H772,100823915,,,
K12827,I1IEX6,100837688,,,
K12828,I1HX53,100839729,,,
K12829,I1IEF7,100838398,,,
K12830,I1HX09,100843379,,,
K12831,I1I4F0,100822253,,,
K12832,I1H8P4,100841881,,,
K12833,I1GLR3,100829373,,,
K12834,I1J302,100833863,,,
K12835,I1H669,100831375,,,
K12836,I1IRB2,100832894,,,
K12837,I1IK06,100821343,,,
K12839,I1I0E0,100831866,,,
K12842,I1I5M7,100845412,,,
K12843,I1HWV4,100834120,,,
K12844,#N/A,100828224,,,
K12845,I1H7K6,100824839,,,
K12846,I1HLB3,100845591,,,
K12847,I1H1Y0,100842673,,,
K12848,I1GLA5,100829988,,,
K12849,#N/A,100844813,,,
K12850,I1H1P3,100827913,,,
K12852,I1GXF6,100834476,,,
K12854,I1HW70,100827281,,,
K12855,I1I537,100826043,,,
K12856,#N/A,100846384,,,
K12857,I1GVN5,100826831,,,
K12858,I1GP51,100828951,,,
K12859,I1HHS5,100842233,,,
K12860,I1IIB3,100830760,,,
K12861,I1HE83,100836755,,,
K12862,I1HE13,100823370,,,
K12863,I1H202,100845619,,,
K12864,I1IFS1,100832043,,,
K12865,#N/A,100840198,,,
K12867,I1GRS4,100840289,,,
K12868,I1GM62,100840457,,,
K12869,I1GY59,100829074,,,
K12870,I1IBB5,100837197,,,
K12871,I1GV20,100830291,,,
K12872,I1H0M4,100843243,,,
K12873,I1HTJ7,100837552,,,
K12874,I1H4Y2,100828122,,,
K12875,C3SA89,100830765,,,
K12876,I1GLV0,100821968,,,
K12877,I1I0C2,100828610,,,
K12878,I1HAN7,100832078,,,
K12879,I1GTJ1,100846277,,,
K12880,I1IP80,100838230,,,
K12881,I1H6W6,100828658,,,
K12882,I1H5J0,100839026,,,
K12883,I1IBI1,100823085,,,
K12885,I1I099,100824407,,,
K12890,I1GR86,100834993,,,
K12891,I1GSC4,100826320,,,
K12893,#N/A,100841146,,,
K12896,I1HB27,100842128,,,
K12897,I1GV94,100845877,,,
K12900,I1H578,100829528,,,
K12930,I1H060,100841090,,,
K12946,I1IIK6,100844194,,,
K12947,I1IY28,100823018,,,
K12948,I1ISP2,100835585,,,
K13024,I1GPG4,100830891,,,
K13025,I1IFR0,100830518,,,
K13027,I1ITF1,100844710,,,
K13029,I1GSN0,100827324,,,
K13030,I1H613,100843904,,,
K13034,I1IVG1,100835065,,,
K13035,I1IBW1,100822856,,,
K13064,I1IBR5,100839236,,,
K13065,I1IZB2,100823638,,,
K13066,#N/A,100842290,,,
K13071,#N/A,100840185,,,
K13081,I1H797,100839668,,,
K13082,I1HPR1,100845692,,,
K13083,#N/A,100832240,,,
K13114,I1GP09,100834865,,,
K13126,I1I2S0,100828713,,,
K13130,#N/A,100838808,,,
K13137,I1GXL3,100845468,,,
K13151,I1HC73,100828275,,,
K13171,I1H719,100836380,,,
K13174,#N/A,100832556,,,
K13175,#N/A,100825336,,,
K13176,I1INL4,100831686,,,
K13237,I1J1S9,100838861,,,
K13248,I1HP49,100838589,,,
K13249,I1GX20,100839584,,,
K13250,I1HC65,100822025,,,
K13280,#N/A,100821687,,,
K13288,#N/A,100828865,,,
K13335,I1HWN1,100836570,,,
K13336,I1HAM7,100830466,,,
K13337,I1ICA6,100825925,,,
K13338,I1I9D9,100821633,,,
K13339,I1J1V4,100842096,,,
K13341,I1HZ61,100831860,,,
K13342,I1I8B0,100836670,,,
K13343,I1HB62,100825820,,,
K13344,#N/A,106865847,,,
K13345,I1I4J7,100830228,,,
K13346,I1GSG0,100845440,,,
K13347,I1HYW3,100841647,,,
K13348,I1HDH9,100838374,,,
K13354,I1H756,100845836,,,
K13356,#N/A,100822349,,,
K13366,I1I3T4,100838312,,,
K13379,I1HRV4,100828998,,,
K13412,I1J0J5,100830491,,,
K13413,I1IDB1,100843567,,,
K13414,I1H780,100825446,,,
K13415,I1HQZ9,100825302,,,
K13420,I1J1W4,100837235,,,
K13421,I1HV95,100836627,,,
K13422,I1I6F3,100836477,,,
K13424,I1IGI7,100845536,,,
K13425,#N/A,100834454,,,
K13427,I1HW33,100824396,,,
K13429,#N/A,100825025,,,
K13430,#N/A,100831873,,,
K13431,I1HAT0,100840054,,,
K13436,I1HEQ5,100824185,,,
K13447,I1IQD9,100827423,,,
K13448,I1HG44,100840608,,,
K13449,I1H3S6,100846878,,,
K13456,#N/A,100831924,,,
K13457,I1H2Z0,100824832,,,
K13458,I1IA93,100841957,,,
K13459,I1IZM2,100843432,,,
K13463,I1HIW8,100825916,,,
K13464,I1HZQ3,100845206,,,
K13484,I1H4V4,100821742,,,
K13495,I1J0G6,100842001,,,
K13506,I1GTT3,100838156,,,
K13508,#N/A,100845289,,,
K13510,I1HK97,100836765,,,
K13511,I1HUV7,100840298,,,
K13513,I1HHX2,100822952,,,
K13519,#N/A,100844469,,,
K13523,I1II20,100825849,,,
K13525,I1H9M9,100821246,,,
K13545,#N/A,100843855,,,
K13566,I1H946,100833460,,,
K13600,I1HVF5,100823044,,,
K13606,I1GPW7,100846349,,,
K13648,I1IKR0,100828117,,,
K13679,I1HNS2,100842237,,,
K13719,I1HXK3,100827296,,,
K13789,I1HDW0,100830402,,,
K13800,I1GS37,100836311,,,
K13811,I1GNF6,100832387,,,
K13832,I1HFE3,100842743,,,
K13917,I1IMJ1,100825234,,,
K13941,#N/A,100844418,,,
K13946,I1HTI2,100835087,,,
K13950,#N/A,100842215,,,
K13984,I1H6M7,100835881,,,
K13989,I1GKR1,100834672,,,
K13993,I1HFB5,100837071,,,
K13998,#N/A,100832991,,,
K14001,I1IRQ7,100825047,,,
K14003,I1IKG4,100839035,,,
K14004,I1H2F5,100842784,,,
K14005,#N/A,100831214,,,
K14006,I1GNG5,100845132,,,
K14007,I1ILS1,100821842,,,
K14009,I1GYI7,100824366,,,
K14011,I1IPZ5,100829242,,,
K14012,I1GX44,100842315,,,
K14015,I1HFE5,100843046,,,
K14016,I1HXZ4,100835231,,,
K14018,I1H3R1,100844705,,,
K14026,I1H798,100839974,,,
K14066,I1GW38,100837237,,,
K14085,#N/A,100831288,,,
K14153,I1ITR8,100833618,,,
K14156,I1HH73,100834192,,,
K14157,#N/A,100824912,,,
K14164,#N/A,100842002,,,
K14168,I1IEX0,100837997,,,
K14169,I1IGZ5,100821158,,,
K14172,I1IP65,100836697,,,
K14190,I1IMN5,100843203,,,
K14218,#N/A,6439828,,,
K14219,#N/A,6439791,,,
K14220,#N/A,6439796,,,
K14221,#N/A,6439884,,,
K14222,#N/A,6439836,,,
K14223,#N/A,6439891,,,
K14224,#N/A,6439805,,,
K14225,#N/A,6439794,,,
K14226,#N/A,6439800,,,
K14227,#N/A,6439815,,,
K14228,#N/A,6439821,,,
K14229,#N/A,6439770,,,
K14230,#N/A,6439851,,,
K14231,#N/A,6439875,,,
K14232,#N/A,6439848,,,
K14233,#N/A,6439781,,,
K14234,#N/A,6439872,,,
K14235,#N/A,6439888,,,
K14236,#N/A,6439816,,,
K14237,#N/A,6439829,,,
K14272,I1H4C6,100844005,,,
K14288,I1GSF1,100830083,,,
K14289,#N/A,100833381,,,
K14290,I1GKL4,100833436,,,
K14291,I1HNM7,100830007,,,
K14292,#N/A,100828859,,,
K14293,I1IG42,100829120,,,
K14294,#N/A,100837845,,,
K14297,#N/A,100833671,,,
K14298,I1HPR8,100846303,,,
K14299,I1HPH4,100832457,,,
K14300,I1H7V7,100845532,,,
K14301,#N/A,100840966,,,
K14303,I1HX48,100830650,,,
K14304,I1HRH4,100830016,,,
K14306,#N/A,100835393,,,
K14307,#N/A,100841579,,,
K14308,I1H272,100830854,,,
K14309,I1H5H5,100836281,,,
K14310,#N/A,100830829,,,
K14311,#N/A,100837705,,,
K14312,I1H7X7,100822271,,,
K14313,I1HD12,100842837,,,
K14314,I1ISZ3,100821041,,,
K14315,I1ICP2,100824084,,,
K14318,#N/A,100822200,,,
K14319,I1I783,100822881,,,
K14320,I1IUS6,100842806,,,
K14321,I1GWT0,100824474,,,
K14324,I1HWL1,100828108,,,
K14325,I1HN56,100830616,,,
K14326,I1GU88,100838876,,,
K14327,I1IBT8,100845822,,,
K14328,I1IY02,100844832,,,
K14332,I1IXJ8,100840579,,,
K14376,I1H649,100827101,,,
K14379,I1IL72,100845233,,,
K14396,I1GZQ5,100843138,,,
K14397,I1J3K5,100833966,,,
K14398,I1I848,100827188,,,
K14399,I1HYR3,100820915,,,
K14400,I1I116,100826665,,,
K14401,I1IWJ9,100831691,,,
K14402,I1HB84,100835825,,,
K14403,I1GKP3,100846455,,,
K14404,I1GW41,100837853,,,
K14407,I1GTK5,100844026,,,
K14408,#N/A,100838953,,,
K14409,I1I2R2,100826571,,,
K14411,I1GSY3,100836006,,,
K14416,I1J3D3,100840685,,,
K14423,I1I5V3,100832062,,,
K14424,I1IJ10,100835573,,,
K14431,#N/A,100845150,,,
K14432,#N/A,100841768,,,
K14442,#N/A,100830414,,,
K14454,I1HRT4,100824909,,,
K14455,I1HZ43,100833284,,,
K14457,I1ID65,100833274,,,
K14484,I1IGR8,100833839,,,
K14485,I1HLS4,100822026,,,
K14486,#N/A,100843055,,,
K14487,I1HSC2,100824783,,,
K14488,I1J041,100846166,,,
K14489,I1GNZ3,100834755,,,
K14490,I1HRG3,100828495,,,
K14491,I1IDG8,100829000,,,
K14492,I1HVA2,100839190,,,
K14493,I1HJI0,100840216,,,
K14494,I1GP39,100844941,,,
K14495,I1IAX3,100841148,,,
K14496,I1H6F3,100821542,,,
K14497,#N/A,100833036,,,
K14498,I1IXT7,100831909,,,
K14499,I1IQS0,100830243,,,
K14500,#N/A,100836465,,,
K14503,I1GT13,100842420,,,
K14504,#N/A,100836845,,,
K14505,I1IIS2,100827599,,,
K14506,I1HFX7,100821807,,,
K14508,I1HCY0,100820989,,,
K14509,I1IE20,100824308,,,
K14510,#N/A,100825661,,,
K14512,I1H0Y7,100834779,,,
K14513,I1IIS4,100828216,,,
K14514,I1H5Z2,100839437,,,
K14515,I1HYG9,100826977,,,
K14516,#N/A,100840669,,,
K14521,I1HNM0,100834315,,,
K14525,I1IXR2,100825987,,,
K14536,I1GPY0,100822687,,,
K14537,I1H5F5,100838821,,,
K14538,I1HA87,100833212,,,
K14539,I1GQ02,100831003,,,
K14544,#N/A,100844306,,,
K14545,I1IE96,100824086,,,
K14546,I1H6D2,100843293,,,
K14548,I1GNL4,100837329,,,
K14549,I1H2K2,100824522,,,
K14550,#N/A,100833028,,,
K14552,I1IGK4,100846037,,,
K14553,I1HH75,100834791,,,
K14554,I1GVG5,100833468,,,
K14555,I1J173,100823842,,,
K14556,I1H9N1,100822480,,,
K14557,I1H4E8,100821848,,,
K14558,I1HHI5,100826227,,,
K14559,#N/A,100838045,,,
K14560,I1J2Y8,100826196,,,
K14561,I1I1H4,100841865,,,
K14563,I1GVX9,100846789,,,
K14564,I1GVZ8,100831411,,,
K14565,I1H5G8,100838508,,,
K14566,I1H0U7,100828871,,,
K14567,I1H5M5,100843592,,,
K14568,I1HZM6,100844288,,,
K14569,I1H5T4,100828930,,,
K14570,#N/A,100836381,,,
K14571,I1H1Y7,100843494,,,
K14572,#N/A,100834623,,,
K14573,I1GM30,100829322,,,
K14574,I1J1Q3,100834982,,,
K14641,I1GR24,100825383,,,
K14649,I1GQE4,100844124,,,
K14652,I1IAS6,100832262,,,
K14674,I1GLS2,100825185,,,
K14677,I1I8H9,100839108,,,
K14682,I1IUH9,100828645,,,
K14721,#N/A,100836051,,,
K14759,#N/A,100843372,,,
K14760,I1I0P8,100825942,,,
K14962,I1HGZ0,100820899,,,
K14977,I1GU92,100839183,,,
K15053,I1HEP0,100844059,,,
K15086,I1HWK8,100823591,,,
K15095,#N/A,100838437,,,
K15227,I1GWW9,100828973,,,
K15362,#N/A,100829852,,,
K15376,I1J2Y0,100824656,,,
K15397,I1H901,100833827,,,
K15398,I1ICH6,100838392,,,
K15400,#N/A,100843158,,,
K15401,#N/A,100833251,,,
K15402,I1I4W0,100824104,,,
K15403,I1I6V0,100830847,,,
K15404,I1I4L1,100833807,,,
K15422,I1ITT9,100844934,,,
K15542,#N/A,100834292,,,
K15544,I1IU22,100829441,,,
K15631,I1GW21,100833860,,,
K15633,I1HST7,100835392,,,
K15634,#N/A,100846141,,,
K15639,#N/A,100843159,,,
K15718,I1GPA9,100821461,,,
K15728,I1HIN3,100835099,,,
K15744,I1IIN8,100842276,,,
K15746,I1J0V8,100837035,,,
K15747,I1IDY6,100834203,,,
K15777,I1HTY6,100844353,,,
K15793,#N/A,100833760,,,
K15797,#N/A,100841139,,,
K15803,#N/A,100842044,,,
K15849,I1HTT8,100830498,,,
K15889,#N/A,100835212,,,
K15891,I1H8X3,100829741,,,
K15892,I1HT23,100826738,,,
K15893,I1HVY7,100838606,,,
K15918,I1HQF4,100840924,,,
K15919,#N/A,100831724,,,
K15920,#N/A,100820868,,,
K15923,I1I3S9,100837095,,,
K16040,#N/A,104584545,,,
K16054,I1IES3,100828599,,,
K16055,#N/A,100828278,,,
K16189,#N/A,100831583,,,
K16190,I1HWI2,100843665,,,
K16196,#N/A,100838960,,,
K16223,#N/A,100838275,,,
K16240,I1HG80,100822627,,,
K16241,I1HYI4,100839215,,,
K16329,I1GKL1,100825346,,,
K16860,I1GVK8,100838069,,,
K16871,I1J1T1,100839166,,,
K16903,I1HLD9,100824596,,,
K16904,I1I9Q1,100840842,,,
K17108,I1I4M3,100837189,,,
K17193,#N/A,100838243,,,
K17398,#N/A,100833788,,,
K17497,C8CK18,100829669,,,
K17606,#N/A,100833947,,,
K17686,I1HYC6,100822339,,,
K17725,I1HQ75,100826131,,,
K17744,I1IIE5,100840848,,,
K17761,I1HXS5,100839823,,,
K17839,I1J381,100841193,,,
K17888,I1H8U5,100826383,,,
K17890,I1GND2,100823518,,,
K17906,I1GZ49,100835901,,,
K17907,I1H7G3,100843394,,,
K17908,I1IDD3,100823376,,,
K17911,#N/A,100825245,,,
K17912,I1J0C4,100822197,,,
K17913,I1HRH8,100831734,,,
K17917,I1HTN0,100834489,,,
K17991,#N/A,100841608,,,
K18010,I1I049,100841555,,,
K18081,I1I9E0,100833495,,,
K18121,I1HNS6,100843460,,,
K18151,I1IGT1,100836497,,,
K18213,I1J3V2,100821676,,,
K18442,#N/A,100835333,,,
K18443,#N/A,100836075,,,
K18447,#N/A,100823727,,,
K18453,I1ISL9,100829230,,,
K18466,I1IK63,100825760,,,
K18467,I1HZD2,100837091,,,
K18468,#N/A,100829040,,,
K18482,I1HDQ5,100846388,,,
K18532,I1GRQ2,100836310,,,
K18551,#N/A,100821281,,,
K18592,#N/A,100844645,,,
K18649,I1HE57,100838580,,,
K18660,#N/A,100830101,,,
K18677,I1J1J9,100827240,,,
K18693,#N/A,100838994,,,
K18819,I1GQZ2,100846042,,,
K18826,I1H7I5,100845530,,,
K18835,I1IR53,100844123,,,
K18857,I1IMM6,100840565,,,
K18875,#N/A,100824641,,,
K18881,I1J382,100841497,,,
K19011,I1GYK5,100827654,,,
K19054,I1HSA9,100824478,,,
K19073,I1H5G6,100843699,,,
K19269,I1HNI1,100826858,,,
K19355,I1HQ44,100846205,,,
K19366,I1GVB1,100826709,,,
K19367,I1I3E4,100839115,,,
K19476,I1HQT0,100838789,,,
K19517,I1GNJ5,100825462,,,
K19562,I1I2B0,100827183,,,
K19730,#N/A,100843283,,,
K19801,I1IMN4,100842385,,,
K19891,#N/A,100827650,,,
K19892,#N/A,100846251,,,
K19893,#N/A,100832476,,,
K20217,I1GT26,100844544,,,
K20279,#N/A,100831276,,,
K20457,#N/A,100844013,,,
K20535,I1HX65,100839537,,,
K20536,I1H6N9,100837420,,,
K20547,#N/A,100839908,,,
K20553,#N/A,100823403,,,
K20557,#N/A,100841983,,,
K20558,#N/A,100837792,,,
K20600,I1I1F8,100839224,,,
K20603,J9WLY9,100823700,,,
K20604,#N/A,100827211,,,
K20606,#N/A,100822172,,,
K20607,#N/A,100845133,,,
K20623,#N/A,100832500,,,
K20714,#N/A,100845159,,,
K20716,#N/A,100827146,,,
K20717,#N/A,100844738,,,
K20718,#N/A,100828151,,,
K20725,#N/A,100841203,,,
K20726,#N/A,100846409,,,
K20729,#N/A,100822910,,,
K20772,I1J0V5,100836412,,,
K20776,#N/A,100846437,,,
K20781,#N/A,100835016,,,
K20782,#N/A,100829056,,,
K20783,#N/A,100833150,,,
K20784,#N/A,100829311,,,
K20860,#N/A,100834441,,,
K20884,I1J2L9,100832727,,,
K20896,#N/A,100834537,,,
K21026,#N/A,100838224,,,
K21232,I1IAL0,100845715,,,
K21362,#N/A,100821141,,,
K21456,I1IHZ4,100840147,,,
K21480,I1GXJ3,100841507,,,
K21797,#N/A,100833213,,,
K21888,#N/A,100823882,,,
K22013,#N/A,100822302,,,
K22133,#N/A,100822696,,,
K22207,#N/A,100844459,,,